set	concept	label	fdr	p	fold	k	significant
IAA up	auxin responsive	auxin responsive	6.263920128280714e-40	4.009165468689661e-44	17.134164399600536	46	True
IAA up	response	response	2.647371356641339e-30	6.939672033934185e-34	2.1300974805392565	213	True
IAA up	Auxin signaling pathway	Auxin signaling pathway	2.647371356641339e-30	8.472130557607986e-34	12.908269297939224	41	True
IAA up	auxre	auxre	6.84215805097956e-20	2.627556855214891e-23	21.779231986193007	21	True
IAA up	acetic acid	acetic acid	2.1432891157108331e-19	1.0974342630367833e-22	14.857421499409355	25	True
IAA up	indoleacetic acid	indoleacetic acid	4.448476727590774e-18	2.847207326927024e-21	24.411886402106454	18	True
IAA up	cell wall	cell wall	0.02138895656736775	0.00027105820534682615	1.80789167482734	39	True
IAA up	xyloglucan	xyloglucan	0.005852406047395812	5.731042788348433e-05	5.959709356382795	8	True
IAA up	Growth regulation	Growth regulation	2.2681616155121535e-13	3.193775956302311e-16	8.369053882578688	25	True
IAA up	saur	saur	5.969308753236543e-16	5.73090318091067e-19	17.32682741758705	19	True
IAA up	xet	xet	0.023751011009592808	0.0003116332089712316	8.264440709046456	5	True
IAA up	Ribosome biogenesis	Ribosome biogenesis	1.0	0.7792332893020457	0.669524310606295	1	False
IAA up	nucleolar	nucleolar	1.0	0.8069436559813676	0.6150281457895036	1	False
IAA up	rrna	rrna	1.0	0.9701846983822827	0.3778030038421237	2	False
IAA up	cytokinin	cytokinin	0.4914067152180635	0.01727079621378543	2.1856372123098065	10	False
IAA up	nucleolus	nucleolus	1.0	0.980827887706909	0.40171458636377705	3	False
IAA up	ribosomal	ribosomal	1.0	0.9983503158383316	0.28745880727118106	3	False
IAA up	stress	stress	8.429187575521962e-06	3.722567477669071e-08	1.7605011956651995	91	True
IAA up	aba	aba	0.162805831495425	0.004063893643318978	1.5390981135938893	41	False
IAA up	salt	salt	0.019318203274784226	0.0002361608311241543	1.7322845154333182	45	True
IAA up	water deprivation	deprivation	0.28956473364645396	0.008525331379759903	1.9589785384406413	16	False
IAA up	abscisic acid	abscisic acid	0.023751011009592808	0.0003081916524526687	2.0129661359567215	29	True
IAA up	ethylene	ethylene	1.0389158394872194e-09	2.393815298357645e-12	4.28857463820789	33	True
IAA up	activated signaling	activated signaling	3.6313529950804685e-06	1.487497386617701e-08	3.4521859558534373	28	True
IAA up	signaling pathway	signaling pathway	1.0821026894100765e-07	3.393691230228735e-10	2.6189450945949155	51	True
IAA up	responsive	responsive	1.1003214128237922e-34	2.112752328770727e-38	5.654730748510533	82	True
IAA up	transcription cis-regulatory	cis-regulatory	1.0740509065085333e-11	1.718591440265833e-14	3.5909988484003827	48	True
IAA up	jasmonic acid	jasmonic acid	0.2896014509380338	0.00859460622682248	2.2192624001914956	12	False
IAA up	wounding	wounding	0.001807223897280363	1.3880367874657158e-05	3.238311461503917	18	True
IAA up	acid	acid	0.0018899912393019584	1.548379919551015e-05	1.546870391271174	88	True
IAA up	jasmonate	jasmonate	1.0	0.1466391782751452	1.7990619230577316	5	False
IAA up	Jasmonic acid signaling pathway	Jasmonic acid signaling pathway	1.0	1.0		0	False
BL up	auxin responsive	auxin responsive	2.0195916351289422e-08	7.755728245502852e-12	9.868506586075155	16	True
BL up	response	response	7.364656268899788e-07	1.555514956948878e-09	1.7056246139149085	103	True
BL up	Auxin signaling pathway	Auxin signaling pathway	0.001091455446951911	3.842169072091342e-06	5.7346009253903985	11	True
BL up	auxre	auxre	0.8182560955121982	0.02047735108456665	5.151940938318647	3	False
BL up	acetic acid	acetic acid	0.059619543578006994	0.0005494888809032902	5.904471637174179	6	False
BL up	indoleacetic acid	indoleacetic acid	0.4862309044307669	0.009927525506490946	6.737153534724385	3	False
BL up	cell wall	cell wall	2.0999492314008582e-10	1.344053527522313e-14	3.607713242521121	47	True
BL up	xyloglucan	xyloglucan	3.1108805329956536e-10	5.973272912818064e-14	17.26988652563152	14	True
BL up	Growth regulation	Growth regulation	5.4111212048339074e-08	3.9919141743127415e-11	8.869164146978937	16	True
BL up	saur	saur	5.4111212048339074e-08	4.8822072215939544e-11	16.610568197682536	11	True
BL up	xet	xet	5.4111212048339074e-08	6.359891010330861e-11	24.63271761133603	9	True
BL up	Ribosome biogenesis	Ribosome biogenesis	1.0	1.0		0	False
BL up	nucleolar	nucleolar	1.0	1.0		0	False
BL up	rrna	rrna	1.0	1.0		0	False
BL up	cytokinin	cytokinin	0.8493409423585024	0.021527074575906743	2.5333924448756986	7	False
BL up	nucleolus	nucleolus	1.0	0.9419679457877184	0.44345820734894686	2	False
BL up	ribosomal	ribosomal	1.0	1.0		0	False
BL up	stress	stress	0.031831416737937546	0.00025263029157093287	1.6337720532268718	51	True
BL up	aba	aba	0.0002075404092551951	6.774552529451449e-07	2.3620680242397776	38	True
BL up	salt	salt	0.007633348176021181	4.250520297707643e-05	2.103521736824426	33	True
BL up	water deprivation	deprivation	1.0	0.5501926124197263	1.0136920827710303	5	False
BL up	abscisic acid	abscisic acid	0.36371827342873	0.00679760214037309	1.9539513532468358	17	False
BL up	ethylene	ethylene	1.0	0.18543655909955115	1.506341453709875	7	False
BL up	activated signaling	activated signaling	1.0	0.11962628099457313	1.633249341751366	8	False
BL up	signaling pathway	signaling pathway	0.6522326033068067	0.01477792764788846	1.7006406980857671	20	False
BL up	responsive	responsive	1.4464594493766345e-07	2.592221235441998e-10	3.654049374765768	32	True
BL up	transcription cis-regulatory	cis-regulatory	0.3904450557932492	0.007497024880822757	1.9820762874436662	16	False
BL up	jasmonic acid	jasmonic acid	1.0	0.04654804608142879	2.143639761048668	7	False
BL up	wounding	wounding	0.8077643036504454	0.02011138723246436	2.3832107741882176	8	False
BL up	acid	acid	1.0	0.04887426564710451	1.2807084818419234	44	False
BL up	jasmonate	jasmonate	1.0	0.08820004845756747	2.3832107741882176	4	False
BL up	Jasmonic acid signaling pathway	Jasmonic acid signaling pathway	0.6196045014696296	0.013800714702472534	5.971567905778432	3	False
CK up	auxin responsive	auxin responsive	0.887945781920061	0.021084734068890342	2.7953223930740405	6	False
CK up	response	response	1.0	0.06868035947262827	1.1507560264422785	92	False
CK up	Auxin signaling pathway	Auxin signaling pathway	1.0	0.24972317440091288	1.575141983398864	4	False
CK up	auxre	auxre	1.0	0.5405372280507597	1.2971757510343587	1	False
CK up	acetic acid	acetic acid	1.0	0.15193268005342778	2.22997629110401	3	False
CK up	indoleacetic acid	indoleacetic acid	1.0	0.11729911857954613	3.392613502705246	2	False
CK up	cell wall	cell wall	1.0	0.2788504641909325	1.1596137301095932	20	False
CK up	xyloglucan	xyloglucan	1.0	0.2913884081920518	1.8635482620493602	2	False
CK up	Growth regulation	Growth regulation	1.0	0.2173721547753175	1.6748345139937288	4	False
CK up	saur	saur	1.0	0.057461480323223506	3.4218601708320158	3	False
CK up	xet	xet	1.0	0.38599410318030747	2.0673738532110093	1	False
CK up	Ribosome biogenesis	Ribosome biogenesis	7.266861203116915e-21	4.651088839680574e-25	20.09801416792475	24	True
CK up	nucleolar	nucleolar	2.416935875959903e-17	3.0938759292881562e-21	16.923618519308725	22	True
CK up	rrna	rrna	2.8822204980490523e-17	5.5342175461771476e-21	8.033224115334207	34	True
CK up	cytokinin	cytokinin	2.1369315908772546e-15	6.83861876240802e-19	8.201152475547806	30	True
CK up	nucleolus	nucleolus	1.3843747284002434e-14	5.316339202765924e-18	6.029404250377425	36	True
CK up	ribosomal	ribosomal	6.989866711630444e-14	3.5790408149669534e-17	4.913758143863848	41	True
CK up	stress	stress	1.0	0.06501443729822395	1.2340724683395639	51	False
CK up	aba	aba	0.9596573903910172	0.02324432751371668	1.455525097505551	31	False
CK up	salt	salt	0.24655647358577507	0.003274811033763459	1.6370471268512214	34	False
CK up	water deprivation	deprivation	1.0	0.06506464703490457	1.6845268433571186	11	False
CK up	abscisic acid	abscisic acid	1.0	0.11720367600327385	1.3891015916588407	16	False
CK up	ethylene	ethylene	1.0	0.5815119987865489	0.9752721862813607	6	False
CK up	activated signaling	activated signaling	0.04071388572367722	0.00031270265532778183	2.6215649793631446	17	True
CK up	signaling pathway	signaling pathway	0.10585862855869148	0.0010123086672696232	1.8626436269706956	29	False
CK up	responsive	responsive	1.0	0.07544885655589467	1.466299056253962	17	False
CK up	transcription cis-regulatory	cis-regulatory	0.37754743032126353	0.005694446873804344	1.8714558218600363	20	False
CK up	jasmonic acid	jasmonic acid	1.0	0.4348968929000002	1.156572785013152	5	False
CK up	wounding	wounding	1.0	0.6517578594489274	0.9000811333707794	4	False
CK up	acid	acid	1.0	0.07585929883933014	1.2092316323201648	55	False
CK up	jasmonate	jasmonate	1.0	0.18327277999659553	1.8001622667415589	4	False
CK up	Jasmonic acid signaling pathway	Jasmonic acid signaling pathway	1.0	0.1427590847308012	3.007089241034195	2	False
GA up	auxin responsive	auxin responsive	1.0	0.2266845758920234	3.906283856988082	1	False
GA up	response	response	1.0	0.0002682597542941201	2.0975318876623468	20	False
GA up	Auxin signaling pathway	Auxin signaling pathway	1.0	1.0		0	False
GA up	auxre	auxre	1.0	1.0		0	False
GA up	acetic acid	acetic acid	1.0	1.0		0	False
GA up	indoleacetic acid	indoleacetic acid	1.0	1.0		0	False
GA up	cell wall	cell wall	1.0	0.33910666636743764	1.4584372682532192	3	False
GA up	xyloglucan	xyloglucan	1.0	1.0		0	False
GA up	Growth regulation	Growth regulation	1.0	0.248842707805293	3.5107108081791623	1	False
GA up	saur	saur	1.0	0.09949097127485401	9.563660477453581	1	False
GA up	xet	xet	1.0	1.0		0	False
GA up	Ribosome biogenesis	Ribosome biogenesis	1.0	0.13307922048429266	7.0214216163583245	1	False
GA up	nucleolar	nucleolar	1.0	1.0		0	False
GA up	rrna	rrna	1.0	0.398620609443052	1.9810439560439561	1	False
GA up	cytokinin	cytokinin	1.0	0.35539946075722945	2.2921169739351557	1	False
GA up	nucleolus	nucleolus	1.0	1.0		0	False
GA up	ribosomal	ribosomal	1.0	1.0		0	False
GA up	stress	stress	1.0	0.002354362794606424	2.434640706769456	12	False
GA up	aba	aba	1.0	0.038913812737132104	2.3620680242397776	6	False
GA up	salt	salt	1.0	0.0027228954748566864	3.2296495353263914	8	False
GA up	water deprivation	deprivation	1.0	0.18271634230476516	2.568019943019943	2	False
GA up	abscisic acid	abscisic acid	1.0	0.011435367357123716	3.639713305067635	5	False
GA up	ethylene	ethylene	1.0	0.006037824589414473	5.451521451521452	4	False
GA up	activated signaling	activated signaling	1.0	0.5424490798555056	1.2929890622198315	1	False
GA up	signaling pathway	signaling pathway	1.0	0.28359855414899304	1.6156086631814788	3	False
GA up	responsive	responsive	1.0	0.15947562574498858	2.169591816267175	3	False
GA up	transcription cis-regulatory	cis-regulatory	1.0	0.13413164620343523	2.3537155913393537	3	False
GA up	jasmonic acid	jasmonic acid	1.0	0.09382947255826968	3.8789671866594944	2	False
GA up	wounding	wounding	1.0	0.015830485957779864	5.660125588697017	3	False
GA up	acid	acid	1.0	0.03708109838163938	1.8434440268936778	10	False
GA up	jasmonate	jasmonate	1.0	0.23367653201330407	3.7734170591313445	1	False
GA up	Jasmonic acid signaling pathway	Jasmonic acid signaling pathway	1.0	0.0028560136601755125	25.213286713286713	2	False
ABA up	auxin responsive	auxin responsive	0.09771149805689817	0.0021451000917508995	2.0587171678720972	19	False
ABA up	response	response	1.2517504666436799e-54	1.6023431472653382e-58	1.7745477812050936	610	True
ABA up	Auxin signaling pathway	Auxin signaling pathway	1.0	0.29790826162365786	1.1905989636252794	13	False
ABA up	auxre	auxre	1.0	0.8527187682755493	0.6033804702535353	2	False
ABA up	acetic acid	acetic acid	1.0	0.2210189669402242	1.3830293924912493	8	False
ABA up	indoleacetic acid	indoleacetic acid	1.0	0.9274330405666183	0.3945179997811577	1	False
ABA up	cell wall	cell wall	1.0	0.754848743270267	0.9304539328756313	69	False
ABA up	xyloglucan	xyloglucan	1.0	0.3142700484325066	1.3002424218139563	6	False
ABA up	Growth regulation	Growth regulation	1.0	0.3308827845765061	1.1685723031492519	12	False
ABA up	saur	saur	1.0	0.17352789082705805	1.5916760680826019	6	False
ABA up	xet	xet	1.0	0.15144874019497256	1.9232752489331437	4	False
ABA up	Ribosome biogenesis	Ribosome biogenesis	1.0	0.9951016144471603	0.1947620505248753	1	False
ABA up	nucleolar	nucleolar	1.0	0.8181639743630034	0.7156373019286115	4	False
ABA up	rrna	rrna	1.0	0.9999999940690417	0.054950721398089826	1	False
ABA up	cytokinin	cytokinin	1.0	0.40595690717260025	1.0808489002268908	17	False
ABA up	nucleolus	nucleolus	1.0	0.999999613552985	0.2337144606298504	6	False
ABA up	ribosomal	ribosomal	1.0	0.999999992025867	0.2508619889912796	9	False
ABA up	stress	stress	4.72147972507617e-60	3.0219404282361614e-64	2.2904843491317908	407	True
ABA up	aba	aba	2.3584417994400682e-45	4.528498078801984e-49	2.6863063803409704	246	True
ABA up	salt	salt	1.2293796166552221e-42	3.1474132530855725e-46	2.653951871890277	237	True
ABA up	water deprivation	deprivation	6.804247213166038e-40	2.177498468115095e-43	4.238328789315632	119	True
ABA up	abscisic acid	abscisic acid	1.5990617970819574e-39	7.164255363270433e-43	3.2710823131461337	162	True
ABA up	ethylene	ethylene	0.008664973077437086	9.428094106274353e-05	1.7767849965574007	47	True
ABA up	activated signaling	activated signaling	3.944406353478416e-06	1.6157322492487085e-08	2.151916362442678	60	True
ABA up	signaling pathway	signaling pathway	3.201105168845672e-05	1.55734584941252e-07	1.6431866204477346	110	True
ABA up	responsive	responsive	2.1778858365887642e-10	5.715138204053986e-13	2.0862646768088338	104	True
ABA up	transcription cis-regulatory	cis-regulatory	7.959342729975989e-07	2.954697121982897e-09	1.9151142507057044	88	True
ABA up	jasmonic acid	jasmonic acid	0.0005929411239800057	3.870967399255028e-06	2.1519163624426785	40	True
ABA up	wounding	wounding	1.2701185939582737e-08	3.576882881090884e-11	2.7213690597149243	52	True
ABA up	acid	acid	7.278407089715063e-22	7.453565888085079e-25	1.7078735344464473	334	True
ABA up	jasmonate	jasmonate	0.001188916336581393	8.750984300234268e-06	2.616701018956658	25	True
ABA up	Jasmonic acid signaling pathway	Jasmonic acid signaling pathway	0.43762558615721897	0.022341457149071913	2.4478048622785464	7	False
ACC up	auxin responsive	auxin responsive	1.0	0.08472648613829686	2.9110523010675515	3	False
ACC up	response	response	3.2950201547150313e-09	6.326843615044237e-13	2.0841718119447523	80	True
ACC up	Auxin signaling pathway	Auxin signaling pathway	1.0	0.12340988480220738	2.4605323020928114	3	False
ACC up	auxre	auxre	1.0	0.31058380506154254	2.701760959160734	1	False
ACC up	acetic acid	acetic acid	1.0	0.4777419923154379	1.5482001001932297	1	False
ACC up	indoleacetic acid	indoleacetic acid	1.0	0.24747613905054183	3.533072023517884	1	False
ACC up	cell wall	cell wall	1.0	0.7276513497598214	0.8453362510257512	7	False
ACC up	xyloglucan	xyloglucan	1.0	1.0		0	False
ACC up	Growth regulation	Growth regulation	1.0	0.10784776804923119	2.6162621946303313	3	False
ACC up	saur	saur	1.0	0.34493803956789937	2.3756863606413354	1	False
ACC up	xet	xet	1.0	1.0		0	False
ACC up	Ribosome biogenesis	Ribosome biogenesis	1.0	1.0		0	False
ACC up	nucleolar	nucleolar	1.0	1.0		0	False
ACC up	rrna	rrna	1.0	1.0		0	False
ACC up	cytokinin	cytokinin	0.29751599481076324	0.001980393206625663	3.98565562983629	7	False
ACC up	nucleolus	nucleolus	1.0	0.9451832605514426	0.34883495928404423	1	False
ACC up	ribosomal	ribosomal	1.0	0.9829736762481296	0.24961921905289394	1	False
ACC up	stress	stress	0.041262586121416235	0.00011356190496805539	1.8647486941976248	37	True
ACC up	aba	aba	0.38685853874884113	0.00306544159961117	1.9558525041475865	20	False
ACC up	salt	salt	0.32343251998372574	0.00229781168191203	2.005674074486135	20	False
ACC up	water deprivation	deprivation	1.0	0.2058349860202271	1.5947894550601558	5	False
ACC up	abscisic acid	abscisic acid	0.10966434229833937	0.0004492138957433254	2.7123978133306585	15	False
ACC up	ethylene	ethylene	3.966232526047058e-11	2.5385512839522842e-15	8.125197577426876	24	True
ACC up	activated signaling	activated signaling	1.7799276877935834e-08	5.696133153461286e-12	6.7449556812614135	21	True
ACC up	signaling pathway	signaling pathway	1.6271212667852367e-07	6.248545571371878e-11	4.013295405355266	30	True
ACC up	responsive	responsive	3.0425812189464134e-06	1.612817889166583e-09	4.311545520225213	24	True
ACC up	transcription cis-regulatory	cis-regulatory	3.0425812189464134e-06	1.7526389510059994e-09	4.482553896881953	23	True
ACC up	jasmonic acid	jasmonic acid	1.0	0.15497606311607107	1.9271301946461183	4	False
ACC up	wounding	wounding	0.23923131339473347	0.0014107988664306217	3.7493825555699987	8	False
ACC up	acid	acid	0.5281660182602377	0.005213961753928942	1.5569469934146605	34	False
ACC up	jasmonate	jasmonate	1.0	0.0917022306737222	2.8120369166774988	3	False
ACC up	Jasmonic acid signaling pathway	Jasmonic acid signaling pathway	1.0	1.0		0	False
MeJA up	auxin responsive	auxin responsive	0.8116041885363048	0.0736579218924481	1.7488592267893073	9	False
MeJA up	response	response	2.8925809328053614e-38	5.554110854080967e-42	1.893798401379837	363	True
MeJA up	Auxin signaling pathway	Auxin signaling pathway	1.0	0.2653771938517159	1.3139577259475217	8	False
MeJA up	auxre	auxre	1.0	0.11278956045311936	2.164165666266506	4	False
MeJA up	acetic acid	acetic acid	6.967699697984596e-07	2.595536586569708e-09	5.580629442788351	18	True
MeJA up	indoleacetic acid	indoleacetic acid	0.020937162936559846	0.00044642254022754464	4.95260989010989	7	True
MeJA up	cell wall	cell wall	1.0	0.1236389774094305	1.1849802804557406	49	False
MeJA up	xyloglucan	xyloglucan	1.0	0.7335627364091727	0.7772707674619143	2	False
MeJA up	Growth regulation	Growth regulation	1.0	0.8287392758081346	0.6985598036683027	4	False
MeJA up	saur	saur	1.0	0.882801608145128	0.4757433145672062	1	False
MeJA up	xet	xet	1.0	0.6933686740570408	0.8622847576530611	1	False
MeJA up	Ribosome biogenesis	Ribosome biogenesis	1.0	0.7855810995367873	0.6985598036683027	2	False
MeJA up	nucleolar	nucleolar	1.0	1.0		0	False
MeJA up	rrna	rrna	1.0	0.9979294520003572	0.29564048833819245	3	False
MeJA up	cytokinin	cytokinin	1.0	0.6537721967648504	0.9121689998313375	8	False
MeJA up	nucleolus	nucleolus	1.0	0.9988478558314244	0.3492799018341514	5	False
MeJA up	ribosomal	ribosomal	1.0	0.9999999989191424	0.049987522182786154	1	False
MeJA up	stress	stress	5.8821424826937554e-09	1.3176842479152702e-11	1.6652756109759193	165	True
MeJA up	aba	aba	0.03399217925539306	0.0008381020696944747	1.4491769383409858	74	True
MeJA up	salt	salt	0.00034451151155774564	3.1311210087813523e-06	1.6668328357543893	83	True
MeJA up	water deprivation	deprivation	6.543646595100873e-07	2.3453930448390237e-09	2.7465366354875282	43	True
MeJA up	abscisic acid	abscisic acid	6.434423902419155e-05	4.5713073039460207e-07	2.027840269966254	56	True
MeJA up	ethylene	ethylene	7.2180586145627725e-06	3.695882547139157e-08	2.6440574387002957	39	True
MeJA up	activated signaling	activated signaling	0.16905538644022242	0.007682368431423319	1.6723098330241188	26	False
MeJA up	signaling pathway	signaling pathway	0.00030525310481801225	2.667801230514646e-06	1.7948917673865663	67	True
MeJA up	responsive	responsive	8.859870154163541e-06	4.649957454182093e-08	2.1225470957613815	59	True
MeJA up	transcription cis-regulatory	cis-regulatory	0.00199418273486077	2.4761357562915337e-05	1.8733654706578526	48	True
MeJA up	jasmonic acid	jasmonic acid	5.95279627055927e-51	7.620066910598157e-55	8.297229556158127	86	True
MeJA up	wounding	wounding	1.197041796224011e-37	3.064623134214064e-41	6.945205122865472	74	True
MeJA up	acid	acid	3.9461003485176866e-25	1.262832932833363e-28	2.072463731255214	226	True
MeJA up	jasmonate	jasmonate	8.518294977635968e-23	3.271234630428566e-26	7.883746355685131	42	True
MeJA up	Jasmonic acid signaling pathway	Jasmonic acid signaling pathway	3.3259526985972277e-17	1.4901221767908756e-20	13.79655612244898	22	True
